point label,x,y,z
A0000,33.6,0.0,0.0
B0000,0.0,0.0,0.0
A0001,,0.0,
B0001,,0.0,
A0002,,0.0,
B0002,,0.0,
A0003,33.6,0.0,139.99999999999997
B0003,0.0,0.0,139.99999999999997
A0004,,0.0,
B0004,,0.0,
A0005,,0.0,
B0005,,0.0,
A0006,,0.0,
B0006,,0.0,
